<?xml version="1.0" encoding="UTF-8"?>
<vcs-root xmlns:xsi="http://www.w3.org/2001/XMLSchema-instance" uuid="b92b2e05-8f30-4f4d-b524-07823a3ab797" type="jetbrains.git" xsi:noNamespaceSchemaLocation="http://www.jetbrains.com/teamcity/schemas/10.0/project-config.xsd">
  <name>Git</name>
  <param name="agentCleanFilesPolicy" value="ALL_UNTRACKED" />
  <param name="agentCleanPolicy" value="ON_BRANCH_CHANGE" />
  <param name="authMethod" value="PASSWORD" />
  <param name="branch" value="refs/heads/master" />
  <param name="ignoreKnownHosts" value="true" />
  <param name="secure:password" value="zxx806581875a9fd74fee4074d3ed4615f5" />
  <param name="submoduleCheckout" value="CHECKOUT" />
  <param name="url" value="https://github.com/gotsong/continuousintegration.git" />
  <param name="useAlternates" value="true" />
  <param name="username" value="gotsong" />
  <param name="usernameStyle" value="USERID" />
</vcs-root>

