<root>
  <page path="/">
    <usage userId="1" timestamp="1484687877349" />
  </page>
  <page path="/admin/admin.html">
    <usage userId="1" timestamp="1484682043426" />
  </page>
  <page path="/admin/editBuild.html">
    <usage userId="1" timestamp="1484673908049" />
  </page>
  <page path="/admin/editBuildFeatures.html">
    <usage userId="1" timestamp="1484578166007" />
  </page>
  <page path="/admin/editBuildParams.html">
    <usage userId="1" timestamp="1484604209829" />
  </page>
  <page path="/admin/editBuildRunners.html">
    <usage userId="1" timestamp="1484673966608" />
  </page>
  <page path="/admin/editProject.html">
    <usage userId="1" timestamp="1484682106492" />
  </page>
  <page path="/admin/editProject.html?tab=projectGeneralTab">
    <usage userId="1" timestamp="1484682128853" />
  </page>
  <page path="/admin/editProject.html?tab=projectParams">
    <usage userId="1" timestamp="1484682366839" />
  </page>
  <page path="/admin/editProject.html?tab=projectVcsRoots">
    <usage userId="1" timestamp="1484682126931" />
  </page>
  <page path="/admin/editRequirements.html">
    <usage userId="1" timestamp="1484578169658" />
  </page>
  <page path="/admin/editRunType.html">
    <usage userId="1" timestamp="1484673972278" />
  </page>
  <page path="/admin/editTriggers.html">
    <usage userId="1" timestamp="1484673944484" />
  </page>
  <page path="/agents.html">
    <usage userId="1" timestamp="1484681492761" />
  </page>
  <page path="/agents.html?tab=agentPools">
    <usage userId="1" timestamp="1484577100506" />
  </page>
  <page path="/agents.html?tab=registeredAgents">
    <usage userId="1" timestamp="1484577103260" />
  </page>
  <page path="/buildTypeInvestigationDialog.html">
    <usage userId="1" timestamp="1484673499182" />
  </page>
  <page path="/changesPopup.html">
    <usage userId="1" timestamp="1483799368909" />
  </page>
  <page path="/overview.html">
    <usage userId="1" timestamp="1484684184210" />
  </page>
  <page path="/problems/exitCodeProblemAjax.html">
    <usage userId="1" timestamp="1484684211596" />
  </page>
  <page path="/profile.html">
    <usage userId="1" timestamp="1484577192525" />
  </page>
  <page path="/profile.html?tab=userGeneralSettings">
    <usage userId="1" timestamp="1484577229785" />
  </page>
  <page path="/profile.html?tab=userGroups">
    <usage userId="1" timestamp="1484577212797" />
  </page>
  <page path="/profile.html?tab=userNotifications">
    <usage userId="1" timestamp="1484577225407" />
  </page>
  <page path="/project.html">
    <usage userId="1" timestamp="1484604190074" />
  </page>
  <page path="/project.html?tab=projectOverview">
    <usage userId="1" timestamp="1484579141035" />
  </page>
  <page path="/project.html?tab=webHooks">
    <usage userId="1" timestamp="1484578449986" />
  </page>
  <page path="/queue.html">
    <usage userId="1" timestamp="1484578311645" />
  </page>
  <page path="/runCustomBuild.html">
    <usage userId="1" timestamp="1484580039661" />
  </page>
  <page path="/systemProblems.html">
    <usage userId="1" timestamp="1483799263204" />
  </page>
  <page path="/viewLog.html?tab=artifacts">
    <usage userId="1" timestamp="1484684227053" />
  </page>
  <page path="/viewLog.html?tab=buildChangesDiv">
    <usage userId="1" timestamp="1484684219500" />
  </page>
  <page path="/viewLog.html?tab=buildLog">
    <usage userId="1" timestamp="1484684216541" />
  </page>
  <page path="/viewLog.html?tab=buildParameters">
    <usage userId="1" timestamp="1484684228553" />
  </page>
  <page path="/viewLog.html?tab=buildResultsDiv">
    <usage userId="1" timestamp="1484684211521" />
  </page>
  <page path="/viewLog.html?tab=testsInfo">
    <usage userId="1" timestamp="1483799400128" />
  </page>
  <page path="/viewType.html">
    <usage userId="1" timestamp="1484672782850" />
  </page>
  <page path="/webhooks/index.html">
    <usage userId="1" timestamp="1484578458105" />
  </page>
  <page path="/webhooks/settingsList.html">
    <usage userId="1" timestamp="1484579101336" />
  </page>
</root>