<?xml version="1.0" encoding="UTF-8"?>
<settings>
  <webhooks enabled="true">
    <webhook url="https://events.pagerduty.com/generic/2010-04-15/create_event.json" enabled="true" format="jsontemplate" template="elasticsearch">
      <states>
        <state type="beforeBuildFinish" enabled="false" />
        <state type="buildFixed" enabled="true" />
        <state type="buildSuccessful" enabled="false" />
        <state type="buildInterrupted" enabled="false" />
        <state type="responsibilityChanged" enabled="false" />
        <state type="buildBroken" enabled="false" />
        <state type="buildStarted" enabled="false" />
        <state type="buildFailed" enabled="true" />
        <state type="buildFinished" enabled="true" />
        <state type="changesLoaded" enabled="false" />
      </states>
      <build-types enabled-for-all="true" enabled-for-subprojects="true" />
    </webhook>
  </webhooks>
</settings>

