<?xml version="1.0" encoding="UTF-8"?>
<project xmlns:xsi="http://www.w3.org/2001/XMLSchema-instance" uuid="eddfa47e-2ca9-4e6a-96a9-2a696955d01e" xsi:noNamespaceSchemaLocation="http://www.jetbrains.com/teamcity/schemas/10.0/project-config.xsd">
  <name>Todo</name>
  <parameters>
    <param name="env.HockeyAppApiToken" value="f80cef201e454e24b448faa046979191" />
    <param name="webhook.body"><![CDATA[{    
  "service_key": "93ff7470ec2841dab82831c0ba1f34db",
  "event_type": "trigger",
  "description": "${text}",
  "client": "Team City",
  "client_url": "https://teamcity.duckdns.org:8111",
  "details": {
    "tags": "${projectExternalId},${buildExternalTypeId},${buidResult}"
  }
}]]></param>
  </parameters>
  <cleanup />
</project>

