<?xml version="1.0" encoding="UTF-8"?>
<build-type xmlns:xsi="http://www.w3.org/2001/XMLSchema-instance" uuid="b6174736-0981-450f-b314-99c8644e094e" xsi:noNamespaceSchemaLocation="http://www.jetbrains.com/teamcity/schemas/10.0/project-config.xsd">
  <name>Package  - App Store</name>
  <description />
  <settings>
    <parameters />
    <build-runners>
      <runner id="RUNNER_9" name="" type="simpleRunner">
        <parameters>
          <param name="command.executable" value="build.sh" />
          <param name="command.parameters" value="ios-appstore" />
          <param name="teamcity.step.mode" value="default" />
        </parameters>
      </runner>
    </build-runners>
    <vcs-settings>
      <vcs-entry-ref root-id="Todo_Git" />
    </vcs-settings>
    <requirements />
    <build-triggers />
    <cleanup />
  </settings>
</build-type>

