<?xml version="1.0" encoding="UTF-8"?>
<build-type xmlns:xsi="http://www.w3.org/2001/XMLSchema-instance" uuid="66a14783-06e7-45c1-bc3d-ec45eebd612e" xsi:noNamespaceSchemaLocation="http://www.jetbrains.com/teamcity/schemas/10.0/project-config.xsd">
  <name>UI Tests</name>
  <description />
  <settings>
    <parameters />
    <build-runners>
      <runner id="RUNNER_10" name="Build" type="simpleRunner">
        <parameters>
          <param name="command.executable" value="build.sh" />
          <param name="command.parameters" value="ios-uitests" />
          <param name="teamcity.step.mode" value="default" />
        </parameters>
      </runner>
    </build-runners>
    <vcs-settings>
      <vcs-entry-ref root-id="Todo_Git" />
    </vcs-settings>
    <requirements />
    <build-triggers />
    <cleanup />
  </settings>
</build-type>

