<?xml version="1.0" encoding="UTF-8"?>
<build-type xmlns:xsi="http://www.w3.org/2001/XMLSchema-instance" uuid="57fe4644-f4b2-42ab-8692-c98de9e3085a" xsi:noNamespaceSchemaLocation="http://www.jetbrains.com/teamcity/schemas/10.0/project-config.xsd">
  <name>Package - Adhoc</name>
  <description />
  <settings>
    <parameters />
    <build-runners>
      <runner id="RUNNER_8" name="Build" type="simpleRunner">
        <parameters>
          <param name="command.executable" value="build.sh" />
          <param name="command.parameters" value="ios-adhoc" />
          <param name="teamcity.step.mode" value="default" />
        </parameters>
      </runner>
    </build-runners>
    <vcs-settings>
      <vcs-entry-ref root-id="Todo_Git" />
    </vcs-settings>
    <requirements />
    <build-triggers>
      <build-trigger id="TRIGGER_5" type="buildDependencyTrigger">
        <parameters>
          <param name="afterSuccessfulBuildOnly" value="true" />
          <param name="dependsOn" value="Todo_IOS_Application" />
        </parameters>
      </build-trigger>
    </build-triggers>
    <cleanup />
  </settings>
</build-type>

